-- scripts/seed_papers.sql
-- 测试试卷和题目数据

-- ===== 试卷 =====
INSERT INTO paper (id, title, category, region_id, rating, question_count, year) VALUES
(1, '2024年国家公务员考试行测真题', '行测', 1, 4, 10, 2024),
(2, '2024年北京市公务员考试行测真题', '行测', 2, 3, 10, 2024),
(3, '2023年国家公务员考试行测真题', '行测', 1, 4, 10, 2023),
(4, '2024年上海市公务员考试行测真题', '行测', 3, 3, 10, 2024),
(5, '2024年广东省公务员考试行测真题', '行测', 4, 3, 10, 2024);

-- ===== 材料组 =====
INSERT INTO material_group (id, paper_id, title, content, sort_order) VALUES
(1, 1, '资料分析材料', '<p>2023年某省GDP达到8.5万亿元，同比增长6.2%。其中第一产业增加值0.4万亿元，增长3.8%；第二产业增加值3.6万亿元，增长5.8%；第三产业增加值4.5万亿元，增长7.1%。</p>', 1),
(2, 4, '言语理解材料', '<p>在当代社会，人工智能技术的飞速发展正在深刻改变着人类的生活方式和工作模式。从智能语音助手到自动驾驶汽车，从医疗诊断到金融分析，AI的应用场景日益广泛。</p>', 1);

-- ===== 题目 =====
-- 试卷1: 言语理解 (题1-2)
INSERT INTO question (id, paper_id, sort_order, module, sub_module, knowledge_point, type, content, options, answer, explanation, score) VALUES
(1, 1, 1, '言语理解', '片段阅读', '主旨概括', 'single_choice',
 '<p>人工智能技术的飞速发展正在深刻改变着人类的生活方式和工作模式。从智能语音助手到自动驾驶汽车，从医疗诊断到金融分析，AI的应用场景日益广泛。这段文字主要说明了：</p>',
 '[{"label":"A","text":"AI技术已经取代了人类大部分工作"},{"label":"B","text":"AI技术的发展对人类社会产生了广泛影响"},{"label":"C","text":"AI技术只能在少数领域应用"},{"label":"D","text":"AI技术的发展速度超出了人类的预期"}]',
 'B',
 '<p>文段首句点明主旨"人工智能技术的飞速发展正在深刻改变着人类的生活方式和工作模式"，后文列举具体应用场景来支撑这一观点。B项是对主旨句的同义替换。</p>',
 1.0),

(2, 1, 2, '言语理解', '逻辑填空', '实词辨析', 'single_choice',
 '<p>在国家治理体系和治理能力现代化的进程中，制度创新起着______的作用。</p>',
 '[{"label":"A","text":"举足轻重"},{"label":"B","text":"微不足道"},{"label":"C","text":"可有可无"},{"label":"D","text":"无足轻重"}]',
 'A',
 '<p>"举足轻重"比喻所处地位重要，一举一动都会影响全局，符合制度创新在国家治理中的关键地位。</p>',
 1.0),

-- 试卷1: 数量关系 (题3-4)
(3, 1, 3, '数量关系', '数学运算', '工程问题', 'single_choice',
 '<p>一项工程，甲单独完成需要12天，乙单独完成需要18天。甲乙两人合作，需要多少天完成？</p>',
 '[{"label":"A","text":"6"},{"label":"B","text":"7.2"},{"label":"C","text":"8"},{"label":"D","text":"9"}]',
 'B',
 '<p>甲的效率=1/12，乙的效率=1/18，合作效率=1/12+1/18=5/36。所需天数=36/5=7.2天。</p>',
 1.0),

(4, 1, 4, '数量关系', '数学运算', '行程问题', 'single_choice',
 '<p>甲乙两地相距360公里，一辆汽车从甲地出发，以每小时60公里的速度行驶。行驶了2小时后，速度提高到每小时80公里。问还需多少小时到达乙地？</p>',
 '[{"label":"A","text":"2"},{"label":"B","text":"2.5"},{"label":"C","text":"3"},{"label":"D","text":"3.5"}]',
 'C',
 '<p>已行驶距离=60×2=120公里，剩余距离=360-120=240公里。提速后所需时间=240÷80=3小时。</p>',
 1.0),

-- 试卷1: 判断推理 (题5-6)
(5, 1, 5, '判断推理', '图形推理', '位置规律', 'single_choice',
 '<p>请选择与前面图形规律最相符的一项：图形依次顺时针旋转90度。</p>',
 '[{"label":"A","text":"顺时针旋转90度"},{"label":"B","text":"逆时针旋转90度"},{"label":"C","text":"水平翻转"},{"label":"D","text":"垂直翻转"}]',
 'A',
 '<p>根据图形位置规律，图形依次顺时针旋转90度，因此下一个图形也应为顺时针旋转90度的结果。</p>',
 1.0),

(6, 1, 6, '判断推理', '定义判断', '单定义判断', 'single_choice',
 '<p>"社会懈怠"是指个体在群体中工作时，比单独工作时付出的努力更少的现象。根据上述定义，下列属于社会懈怠的是：</p>',
 '[{"label":"A","text":"小王在团队讨论中积极发言，提出了多个创新方案"},{"label":"B","text":"小李在合唱排练时，声音比独自练习时小了很多"},{"label":"C","text":"小张在比赛中为了团队荣誉拼尽全力"},{"label":"D","text":"小赵在小组作业中承担了最多的工作量"}]',
 'B',
 '<p>B项中小李在群体中比单独时付出的努力更少（声音小了很多），符合"社会懈怠"的定义。</p>',
 1.0),

-- 试卷1: 资料分析 (题7-8, 关联材料组1)
(7, 1, 7, '资料分析', '文字资料', '增长率计算', 'single_choice',
 '<p>根据上述资料，2023年该省GDP同比增长了多少万亿元？</p>',
 '[{"label":"A","text":"约0.48"},{"label":"B","text":"约0.50"},{"label":"C","text":"约0.52"},{"label":"D","text":"约0.55"}]',
 'B',
 '<p>2023年GDP=8.5万亿，同比增长6.2%。增长量=8.5÷(1+6.2%)×6.2%≈0.496万亿，约0.50万亿。</p>',
 1.0),

(8, 1, 8, '资料分析', '文字资料', '比重计算', 'single_choice',
 '<p>根据上述资料，2023年该省第三产业增加值占GDP的比重约为：</p>',
 '[{"label":"A","text":"47.1%"},{"label":"B","text":"50.2%"},{"label":"C","text":"52.9%"},{"label":"D","text":"55.3%"}]',
 'C',
 '<p>第三产业增加值=4.5万亿，GDP=8.5万亿。比重=4.5÷8.5×100%≈52.9%。</p>',
 1.0),

-- 试卷1: 常识判断 (题9-10)
(9, 1, 9, '常识判断', '政治常识', '时政热点', 'single_choice',
 '<p>党的二十大报告提出，从现在起，中国共产党的中心任务就是团结带领全国各族人民：</p>',
 '[{"label":"A","text":"实现中华民族伟大复兴"},{"label":"B","text":"全面建成社会主义现代化强国、实现第二个百年奋斗目标，以中国式现代化全面推进中华民族伟大复兴"},{"label":"C","text":"全面建设小康社会"},{"label":"D","text":"建成社会主义现代化强国"}]',
 'B',
 '<p>党的二十大报告明确指出这一中心任务。</p>',
 1.0),

(10, 1, 10, '常识判断', '法律常识', '宪法', 'single_choice',
 '<p>我国宪法规定，中华人民共和国的一切权力属于：</p>',
 '[{"label":"A","text":"公民"},{"label":"B","text":"人民"},{"label":"C","text":"人民代表大会"},{"label":"D","text":"中国共产党"}]',
 'B',
 '<p>《宪法》第二条规定：中华人民共和国的一切权力属于人民。</p>',
 1.0);

-- 试卷2: 简化10题
INSERT INTO question (id, paper_id, sort_order, module, sub_module, knowledge_point, type, content, options, answer, explanation, score) VALUES
(11, 2, 1, '言语理解', '片段阅读', '主旨概括', 'single_choice',
 '<p>近年来，随着互联网技术的快速发展，电子商务已经渗透到人们生活的方方面面。这段话的主旨是：</p>',
 '[{"label":"A","text":"互联网技术发展很快"},{"label":"B","text":"电子商务已经融入人们生活"},{"label":"C","text":"人们生活离不开互联网"},{"label":"D","text":"电子商务前景广阔"}]',
 'B',
 '<p>文段强调电子商务已"渗透到人们生活的方方面面"。</p>',
 1.0),

(12, 2, 2, '数量关系', '数学运算', '基础计算', 'single_choice',
 '<p>一个数的25%是60，这个数是多少？</p>',
 '[{"label":"A","text":"120"},{"label":"B","text":"180"},{"label":"C","text":"200"},{"label":"D","text":"240"}]',
 'D',
 '<p>设这个数为x，则x×25%=60，x=60÷0.25=240。</p>',
 1.0),

(13, 2, 3, '判断推理', '类比推理', '内涵关系', 'single_choice',
 '<p>医生：医院 对应的关系最接近：</p>',
 '[{"label":"A","text":"教师：学校"},{"label":"B","text":"司机：汽车"},{"label":"C","text":"厨师：饭店"},{"label":"D","text":"工人：工厂"}]',
 'A',
 '<p>医生在医院工作（职业：工作场所），教师在学校工作，关系最为相近。</p>',
 1.0),

(14, 2, 4, '常识判断', '科技常识', '信息技术', 'single_choice',
 '<p>5G通信技术的"G"代表什么？</p>',
 '[{"label":"A","text":"Generation"},{"label":"B","text":"Gigabyte"},{"label":"C","text":"Global"},{"label":"D","text":"Gateway"}]',
 'A',
 '<p>5G中的G是Generation（代）的缩写，表示第五代移动通信技术。</p>',
 1.0),

(15, 2, 5, '言语理解', '逻辑填空', '成语辨析', 'single_choice',
 '<p>面对困难，他始终保持______的态度，从不轻言放弃。</p>',
 '[{"label":"A","text":"积极乐观"},{"label":"B","text":"消极悲观"},{"label":"C","text":"漠不关心"},{"label":"D","text":"犹豫不决"}]',
 'A',
 '<p>根据"从不轻言放弃"可知其态度是正面的。</p>',
 1.0),

(16, 2, 6, '数量关系', '数学运算', '概率问题', 'single_choice',
 '<p>掷两枚硬币，至少有一枚正面朝上的概率是多少？</p>',
 '[{"label":"A","text":"1/4"},{"label":"B","text":"1/2"},{"label":"C","text":"3/4"},{"label":"D","text":"1"}]',
 'C',
 '<p>总可能=4，至少一枚正面=4-全部反面=4-1=3。概率=3/4。</p>',
 1.0),

(17, 2, 7, '判断推理', '逻辑判断', '削弱论证', 'single_choice',
 '<p>某研究发现喝咖啡可以降低患心脏病的风险。以下哪项如果为真，最能削弱这一结论？</p>',
 '[{"label":"A","text":"咖啡的价格近年来持续上涨"},{"label":"B","text":"该研究只调查了100名参与者"},{"label":"C","text":"经常喝咖啡的人通常也注重运动和饮食"},{"label":"D","text":"有些人不喜欢喝咖啡"}]',
 'C',
 '<p>C项指出存在他因（运动和饮食），削弱了因果关系。</p>',
 1.0),

(18, 2, 8, '资料分析', '表格资料', '简单计算', 'single_choice',
 '<p>某公司2023年Q1收入100万，Q2收入120万，Q2比Q1增长百分之几？</p>',
 '[{"label":"A","text":"15%"},{"label":"B","text":"20%"},{"label":"C","text":"25%"},{"label":"D","text":"30%"}]',
 'B',
 '<p>增长率=(120-100)÷100×100%=20%。</p>',
 1.0),

(19, 2, 9, '常识判断', '历史常识', '中国近现代史', 'single_choice',
 '<p>中华人民共和国成立于哪一年？</p>',
 '[{"label":"A","text":"1945年"},{"label":"B","text":"1947年"},{"label":"C","text":"1949年"},{"label":"D","text":"1950年"}]',
 'C',
 '<p>中华人民共和国于1949年10月1日成立。</p>',
 1.0),

(20, 2, 10, '言语理解', '语句排序', '语句衔接', 'single_choice',
 '<p>下列句子排序正确的是：①因此要珍惜时间 ②时间是宝贵的 ③它一去不复返 ④我们应该合理规划每一天</p>',
 '[{"label":"A","text":"②③①④"},{"label":"B","text":"①②③④"},{"label":"C","text":"②①③④"},{"label":"D","text":"③②①④"}]',
 'A',
 '<p>先说"时间是宝贵的"(②)，再说"一去不复返"(③)，得出结论"要珍惜时间"(①)，最后是行动建议"合理规划"(④)。</p>',
 1.0);

-- 更新试卷的 question_count
UPDATE paper SET question_count = 10 WHERE id IN (1, 2);
UPDATE paper SET question_count = 0 WHERE id IN (3, 4, 5);
